I-ACCOUNTNUM,I-BUILDINGNUM,I-CITY,I-CREDITCARDNUMBER,I-DATEOFBIRTH,I-DRIVERLICENSENUM,I-EMAIL,I-GIVENNAME,I-IDCARDNUM,I-PASSWORD,I-SOCIALNUM,I-STREET,I-SURNAME,I-TAXNUM,I-TELEPHONENUM,I-USERNAME,I-ZIPCODE
528660896,397,Sloanville,6177651577986454,1998-07-02,4247054087,lopezrussell@example.net,Terry,587041395,Vq0X4G7z*9,570150818,6503 Helen Forge Apt. 378,Barber,701713252,3639686677,robertslauren,49320
983064405,46,Alvaradostad,4197064216116101,1982-10-30,1057391123,brianmiller@example.org,Jon,373776274,ni^0RmP&I#,110025107,6120 Williams Way,Miller,454422462,+1-270-949-2454x84127,mark23,60038
118450730,871,Amandatown,1782625868747780,1946-12-28,2678800856,elizabethhansen@example.net,Alex,792111401,vhu4_T5l+X,621846846,6691 Calvin Grove Suite 218,Martinez,554262198,9064463391,mark19,25763
618700177,69,Port Joe,5858292395107313,1987-08-14,1539286544,drakeeric@example.org,Jacqueline,972573341,l$r68IAeeG,284379937,862 Castaneda Glen,Mejia,768629576,(333)231-9174,gabriel43,81007
977011862,142,Lindaburgh,4748670385801243,1951-06-05,2522958450,akirby@example.net,Daniel,433097776,o7D8Hk!wu@,105710209,261 Jesse Neck Apt. 439,Smith,668919707,(822)902-1984,holly43,87072
268256468,890,Rickyhaven,3976361619231475,1963-01-15,8233018209,pbarrera@example.com,Jessica,667328881,W3N9FnxS%N,935176597,120 Zachary Stream,Mcdonald,451215987,501.806.5859,makayla20,40271
141067066,163,Jenniferview,6280313904707292,1941-02-22,5029649776,codymartinez@example.org,Nicole,813400963,4gOTW_sk@T,298103809,570 David Meadows,Cantu,620158474,781-949-4551x13055,hcortez,01741
495876080,767,Snowbury,9107369627075931,2005-08-10,5998389428,riveraalexandria@example.net,Erika,476603954,@F$$eAyY&1,836373995,92438 Sandra Viaduct Suite 835,Gonzalez,437238197,(644)345-3692x634,cholmes,99746
744189398,294,Lake Michael,7327619842613925,1974-04-21,3322531918,juanbennett@example.org,Christina,832484592,4TDRbagi%m,748162358,259 Cohen Vista Apt. 492,Robinson,784169287,946.452.8882x527,rebecca94,04853
739706291,932,East Ashley,8187633285335429,1981-02-23,1160309903,ypotter@example.net,Stephanie,377404478,)5LyRCPoeB,651746534,892 Diana Dale Suite 446,Mills,266370457,983-784-3058x5390,hallsusan,99573
993427594,501,South Lauraborough,7621545697496753,1941-11-09,2748381818,heather91@example.org,Diane,677718823,Z60NGx+l_f,297625313,743 Dawn Meadows Apt. 682,Hunt,733205983,001-329-437-5616x1776,jamesho,19782
235961730,255,South Manuel,6953264839368639,2002-08-28,7023864379,kgonzalez@example.net,Hannah,514198244,H!7)9UeIpO,158172357,773 Key Centers Suite 499,Pratt,916205465,+1-366-831-4182x087,bryan49,77713
174243896,398,Maychester,7204444441236850,1958-05-21,6495249018,jenniferbean@example.net,Emily,710846185,@(2ThABc35,264683263,51386 Hubbard Keys Apt. 729,Odom,270915639,304-229-3632x142,abigailmartinez,24911
762435984,940,Port Donnaberg,5949759980625521,1963-02-01,7295376975,nancyoliver@example.com,Angela,250864911,!W#92f8up),392738770,818 Marilyn Coves Apt. 323,Guzman,706515271,983-883-4225x82354,brett92,31719
695747506,775,Chavezport,3950798980102306,1924-02-01,4707736952,zgonzales@example.org,Molly,840955255,$LBazdj&v9,390946787,781 Dylan Court Apt. 298,Ortega,425098843,509-777-0823,kenneth05,93172
746034956,697,Michaelshire,3878771420946742,1931-07-20,6496072041,copelandkristy@example.org,Taylor,759647874,m9!KoCnn!Q,224078249,06194 Long Mission,Weiss,484481447,876.738.4289,craigjenkins,34363
911686410,350,Clayville,9799337444764833,1938-01-28,3881590286,christopher87@example.com,Jeffrey,350456239,5zG7SVKoM^,680352083,8935 Petty Square Apt. 575,Burgess,493848410,640-861-3245,eweiss,95375
656993731,2,Jasonmouth,6894220847610875,1992-09-08,7035940481,williamsrebecca@example.com,Deborah,203948136,yk1&Rz0xI^,343172428,17835 Tracey Island Suite 215,Thompson,496683182,(428)654-4397,zwright,32795
291166282,952,West Alan,7025844520456227,1961-06-19,7475047862,thomas87@example.net,Renee,442726707,(8U#8XdcaA,698450225,646 Mary Mountain Suite 229,Schmidt,659212840,271.875.6416,elizabethnorris,86309
701319893,510,Hoffmanmouth,1721353508040920,1965-01-06,5235714964,lharper@example.com,Joshua,515180383,9qxBI!fY(4,284597416,300 Foley Lock Apt. 394,Schmitt,297323520,267.576.2813x78161,olsenashley,28705
358084024,913,Jamesville,7777703213589750,1964-03-01,8798490752,barrettheather@example.net,David,567375030,#t#*GC!Y_5,196864591,3812 Jason Bypass,Werner,574488822,+1-215-376-6029x51992,jeremy67,15540
399049820,114,New Christophermouth,3659728256169858,2000-10-25,8411154906,hedwards@example.net,Valerie,553583411,hFZI1AVfG_,330220492,57933 Christian Locks Apt. 715,Roberts,562864781,001-659-882-7016x3394,john11,12519
261456621,830,Moralesfurt,7657949547802511,1978-11-13,1460329588,timothysimpson@example.org,Jason,672682574,(UP6Enw5&@,409836080,14861 Michael Expressway Apt. 191,Osborne,366279174,+1-985-263-1639x84073,hesscrystal,91815
791147161,699,New Edwinhaven,2848309315024696,1976-02-14,5220856168,katelyn01@example.net,John,335895262,K#5eaCSwf&,902852785,37657 Williams Trace,Ritter,215962736,(625)532-0713,bellsummer,98665
933482905,212,Alvarezton,5828394517826663,1944-01-22,8186708989,jacqueline54@example.com,William,841237756,Pi5Oa%Ml&*,488712537,01713 Michael Rest Apt. 369,Carter,666397299,9749333280,meganward,93200
720932118,687,Robertschester,6880485926729016,1979-07-09,6577567133,michaellawrence@example.net,Kimberly,148852096,EWb8ZZ1x#%,969400086,7365 Jones Terrace Suite 165,Anderson,663515913,4344762093,shannonhenderson,98444
783202496,368,West Toddborough,3628222696326562,1963-01-14,6757250192,browntiffany@example.net,Kaitlin,153020214,#)j51YRx^s,891678721,9272 James Throughway,Ward,107142555,873-711-0177,nriley,42798
485721341,909,Cookchester,6952458607152573,1994-11-02,5049927751,danielleperry@example.com,Cindy,550494026,pwB^l3QN#4,739923735,8429 Connie Path Apt. 210,Johnson,485360665,(213)321-9383x720,xwilliams,27748
602275991,195,South Benjamin,3374643077703050,1971-06-25,7862934076,raymond08@example.net,Randy,192261103,@G9#ZpcNp!,677043337,14442 Knapp Parks,Miller,611473112,(332)926-5366x02139,cynthiadavis,75200
367077185,821,Hardinmouth,8605189224459912,1946-11-20,3694472283,john72@example.net,Melissa,893167955,lwD^Z@j+$4,101502041,496 Jennifer Prairie Apt. 360,Wallace,933398143,656.942.9010,dawnbutler,02273
121562399,576,North Alyssaland,5384564933088318,1992-06-17,5970632455,fischerdylan@example.net,Kelsey,321011433,#7r9GdUw&*,615688707,53897 Smith Shore Apt. 042,Harris,801796456,382.824.0477x88845,williampope,36714
524484975,376,Meganbury,3405670099650037,1977-04-26,3247121577,phillipjordan@example.org,Duane,127607997,&mo3$MDe!o,626499693,887 Tracey Crossing,Gill,251152535,495.867.6132,patrick11,48840
390130757,95,New Christinafort,6055304036250259,1986-11-23,1464387660,gary24@example.com,Jasmine,516917532,KR7e&QqC@j,365097589,978 Kevin Plaza Apt. 776,Rivera,228335466,288.733.8017x81310,caleb54,79821
229948145,679,Goodmanburgh,7185716956709769,1985-03-21,6954971199,raymond80@example.com,Katie,282864006,F3%IXShy#I,932537611,560 Brandon Parkways Apt. 966,Scott,379467095,5807229194,romerogina,41215
723441901,785,South Jasmineland,8565251729734903,1969-06-08,5748183807,teresagomez@example.net,Brittany,580454854,CV3j$TXao(,677177571,38764 Nicole Cove Suite 502,Kelley,254141516,9543563069,greenantonio,90994
243566701,760,West David,7183944633698575,1943-07-23,9934785244,woodardjohn@example.org,Michelle,117115678,&n)rLQqM06,135953752,3811 Antonio Springs Suite 222,Austin,660200707,+1-803-287-7915x525,ashley03,92661
142747205,58,West Angela,8861743649937413,1966-12-06,2638454185,rebeccahughes@example.org,Allison,174144785,X6NPU#bN&U,314391688,1571 Vanessa Highway,Berry,346471752,5698430026,sharoncollier,77934
120785058,531,South Daltonport,7698539250077986,1962-07-26,7295154157,ndiaz@example.com,Diana,338030100,#cY9VQqMYy,120976846,3380 Torres Pike,Sanders,923714081,677.962.0056,daytheresa,35210
479796746,374,Lake Angelamouth,8678557285415336,1926-01-31,3733364746,lwatts@example.com,Jennifer,181415110,+wC0ZAPryG,156621369,508 Kimberly Village,Silva,321046715,001-864-871-6826x660,melissa81,49826
167479038,474,Port Lisaside,4480863849719866,1977-06-25,5656463049,johnsondave@example.com,Steven,612640412,SCWsugEh+3,708092492,700 Walsh Overpass Apt. 084,Preston,664028342,(299)915-4362,deleonamanda,28531
853845478,973,Christiantown,9079184116393184,1935-02-22,6383675285,sharrison@example.com,Kelly,318604263,$p*E3PWqYO,931583388,2063 Victoria Neck,Parsons,715300300,330.590.9817,dvasquez,59785
684228312,391,West Nicholas,5884286792094690,1987-10-28,3671019570,susan99@example.org,Emma,987840658,l8KIijRL^B,765317080,23523 Dougherty Mall Suite 423,Hoover,856871053,(639)936-9487,bartlettalexander,12588
128627682,915,Angelachester,5516732175197817,1976-01-31,7024489727,jonathanwilson@example.com,George,144666162,)w0HuOcj$*,330122682,141 David Track Apt. 703,Cardenas,739194072,511.350.3642,dwilliams,62695
254343941,577,Moranport,1549465671164686,1994-10-15,2567375702,dillonmichael@example.com,Timothy,461458280,$jhuyPLg@9,476955849,399 Henry Way,Watson,633519697,919-590-4216,dennisgross,08827
475920676,732,Rossland,6165054700797428,1939-07-10,7200169730,reynoldsalexandra@example.com,Derrick,888791956,iB6GbpF3U&,633039744,35861 Barbara Shores,Rose,485206916,(392)785-8566,clarkcynthia,25462
443944729,671,North Donaldmouth,4646071167135635,1954-04-18,1678916337,brianperez@example.net,Erik,883915642,)WgGrNnwg1,750704236,16976 Drew Port Apt. 466,Underwood,461046799,541.689.2847x796,nealdouglas,65644
361893391,659,Lake Sherryhaven,1714018530449925,1935-12-02,2822976892,estewart@example.net,James,162260769,D*9$YsY8Vq,960880917,8914 Diana Fords Suite 081,Lawrence,824252361,(627)704-3828,gregory19,06132
722269431,53,Baxterside,8453868434251050,1961-07-20,4228981575,yleonard@example.com,Aimee,838052622,q1E)%3Oq8i,767360079,09519 Daniel Prairie Suite 691,Singh,236382465,+1-929-682-9168x2971,cervantescharles,50636
573755267,871,Laurenbury,4901188737267050,1930-03-03,1378359173,reidmelissa@example.org,Jason,738457094,!L27CYldU_,811481664,1149 Kelly Spur Suite 619,Lynn,192904404,001-880-636-4963,veronica85,24903
384891498,672,Hilltown,2161322744851392,1977-07-09,3221906417,randallsmith@example.net,Melissa,328709542,AiKW8Bdq$f,105203849,64787 Melinda Extensions,Frey,476670357,001-772-891-2947,jacobguerrero,83057
887735440,5,New Oliviaton,4047123120917519,1962-03-13,9541575089,andrealamb@example.net,Crystal,632253186,45MwRp@L!(,460619984,038 Angela Shoal,Reyes,132258140,515.655.0710x6337,orrbrian,33198
133250118,712,East Christopher,1765111726817839,1987-02-13,7908946899,schneiderrhonda@example.org,Misty,722152389,&2j0NWSw$t,157441227,66925 Jessica Cliffs,Nelson,982683085,+1-678-239-4513x4703,pamelaflynn,71599
521428254,272,West Charleshaven,2820901612970750,1962-05-09,2425563732,rklein@example.org,Nichole,531876713,(0FbijYy^f,615637080,6311 Joseph Drives Apt. 244,Mccoy,583382873,(390)531-8489x388,betty62,61302
232058819,627,Charlestown,3686760401904573,1953-03-19,1748516908,sjohnson@example.com,Jason,760085865,tYDCg5dl&4,369288824,6355 Ellison Drives Apt. 625,Drake,705524539,731-296-1354x6213,scott79,66027
241601172,310,Andersonside,3610566518079867,1963-03-07,1890883233,joann06@example.com,Matthew,108040719,s$+4TBLcIo,387849244,2593 Patricia Station,Berry,769061453,001-826-815-2560,millerkristin,26793
564218049,249,New Alexis,3461883136560824,2002-11-26,1416513707,whiteeric@example.org,Holly,810255809,2o3kCmvyl&,744417123,256 Benjamin Plain,Fischer,958750504,3979453470,robert10,72370
991053945,570,Carpenterhaven,9069075779597547,1994-02-26,4515502516,ylee@example.net,Evelyn,341983159,dmV&2TicDo,180406574,987 Julie Vista Apt. 421,Hughes,671454548,906.347.6296x78051,bryce19,79763
302414990,141,Daviesville,2868536393511643,1930-08-10,3206893585,xbridges@example.org,Abigail,527295413,x+!4GlT2vD,792786789,165 Clay Divide Apt. 989,Jones,226275136,767-747-5511,ryan75,50648
391000052,449,Port Annberg,7925006015131569,1924-11-11,3356324049,kirbyhailey@example.org,Penny,730543280,%3mxGy^v%u,542955118,77539 Taylor Shores,Williams,858511317,753-562-5635x544,gjames,13834
330616317,516,Beckerport,3003474311661940,1983-02-21,6892126537,yanderson@example.org,Adam,171567372,S7KmL5#o+m,927222837,7360 Banks Ranch Suite 711,Garrison,222314807,828.790.0812x6407,xruiz,78745
635019454,574,South Elizabethstad,7189556342623367,1985-03-17,6533547983,benderdanielle@example.net,Steven,713555558,)l8xLE*jr1,302657605,48789 Brianna Glen,Thompson,306116260,+1-908-720-6538,kylepeterson,82125
756079245,510,West James,2077052804107878,1967-09-22,5933581800,mbrown@example.com,Stephanie,909424694,z^9TvQWdBk,452859653,981 David Estate,Martin,328766743,248-637-5750x77097,wardjessica,75638
846233641,91,Garrettview,6505446552746733,2003-11-24,4039054855,williamsjames@example.org,Gregory,556927641,%wqIjPfHe9,842576739,065 Peter Brooks,Sanchez,222314133,544.396.7053,tmckinney,47224
427772911,24,Port Michael,4534335977014560,1933-04-02,9408547117,holtraymond@example.com,Janice,338663378,#D21_Gvngo,730297703,093 Hamilton Forest,Cruz,781064029,652.603.1512x80211,cortezjamie,23834
806229353,515,South Shaneport,5778490140555555,1985-01-11,5682504866,vlopez@example.com,Christopher,573802321,^YR3UdJ826,834963848,91829 Wanda Canyon,Knox,914774267,(660)349-6582x5941,ismith,33354
682937072,797,South Patrick,8765671937065731,1938-07-13,6530165264,brittany94@example.com,Mary,721473903,f&7p6CSjOx,628477855,4464 Brittany Locks Apt. 877,Hansen,391680775,+1-524-689-7631x640,chambersveronica,76733
942522167,61,Lake Kaitlin,1515866307926156,1974-02-18,3378379113,whitecarrie@example.net,Maria,597929619,qwBU4iN86&,101157697,8291 Dustin Spur,Williams,433044901,001-944-213-8908x2990,sandra69,97033
909284642,871,Danielland,9075528971361327,1999-05-09,1248109896,qcampos@example.org,Garrett,784080529,L%BK9G^tKQ,616406475,54474 Stephenson Vista Apt. 211,Barrett,340503866,491.848.5357x428,edwardslori,05376
595697026,183,Laurahaven,4414267303208998,1986-07-27,1441288883,curtistraci@example.com,Krista,876741226,uiI(PSvb^8,820866862,666 Melissa Rue,Sanford,831956585,870-851-1110,lauren66,75419
598842630,743,West Susan,8881917902343471,1944-11-11,8814503148,lisa41@example.org,Lisa,281910501,5*8e3JXynT,389264333,8859 Potter Alley,Herrera,571782155,001-216-365-0693x1732,zallen,74470
965225365,196,Johnsonport,3506586128868268,1948-03-28,8251294103,craigwolf@example.org,Brian,388429412,)E8BPe$(+3,509391047,1679 Khan Corner Apt. 658,Martinez,847998967,001-278-711-4942x306,jason29,35286
769171718,260,Clarkton,9535051014216713,1936-06-20,5152611506,bridget50@example.org,Gwendolyn,809101499,&1OJL2*y7y,746543568,2962 Lisa Dale Apt. 637,English,601096975,(648)856-2960x57675,jeffery48,18943
913501854,357,New Taylorburgh,1694115893334065,1987-11-08,4231449805,keyann@example.net,Jordan,275587849,t@4MgI&PLh,458212745,4075 Jacobs Way Suite 502,Santiago,379029397,927.594.9193,holly73,99299
255885104,58,North Caleb,3373797328555761,1999-06-09,7229048602,across@example.com,Sean,598465247,B1EZ9gED+K,500891972,5203 Jessica Mills,Mckinney,731308176,(669)330-7226x75196,patrick15,78619
739170470,890,Mcdanielland,3470908142235373,1994-05-17,4727104625,hodgesmary@example.net,Linda,160984950,TsKHDkVW@4,506879344,292 Jose Plain Apt. 509,Michael,912538583,001-737-809-4462x5058,katie49,79573
431170741,631,West Christopher,2905069459853489,1943-05-29,4286081074,cjackson@example.org,Shawn,434765898,V@&iGOWhp0,916568866,74068 Beth Keys,Allen,390497789,666-563-4797,melaniehenderson,16134
888032786,537,New Christopherland,9743529187948872,1939-05-21,3573934447,kgarner@example.org,Paul,830369040,+gBfTXqV5n,297432823,14958 Allen Ports,Davis,830083658,863.690.8191x6814,nsanchez,46537
692583842,369,Gonzalezfort,1722710253413122,1956-07-14,7999188475,amygarcia@example.org,Martha,511395300,$7RBvEJ08f,247976833,6357 Gary Camp,Ellis,264113355,(487)568-1035,patricksellers,97511
579168522,850,Lake Justintown,2423676275163775,1939-08-18,7301914493,tina90@example.org,Lauren,763846822,+136IzI&@+,785019527,304 Smith Fields,Moore,342088854,+1-212-912-4859x027,utaylor,51911
411928047,303,Rothhaven,6493201290305151,1978-08-29,7091881834,emilymcgrath@example.net,Michael,374920142,1jAuslD$*A,650868568,96022 Carter Mall Suite 715,Rivera,986553955,808-803-2345,webbmatthew,59821
750191237,187,Francoton,8985989454171022,1984-09-13,5381556889,angela22@example.com,Kristine,461253268,*%3KK$Qy24,814729614,700 Brown Ford,Torres,775317949,479.291.4681x912,ecrawford,78466
152915270,493,Stacieshire,9107735006481313,1956-02-28,4590777488,stacy17@example.net,Jennifer,806837904,&4*E5Zr0*p,672401695,6200 Aaron Curve Apt. 563,Smith,685705773,886-312-0280x78107,orozcojennifer,27401
253468419,761,Esteston,5558644266365962,2000-10-22,5713643611,terri49@example.org,Nancy,663857600,OCc2XfWo(B,270546044,44727 Knight Keys Apt. 859,Mathews,206556583,608.908.3607,choffman,27410
458629504,65,East Waynestad,7749236655955275,1935-09-10,6994524562,kgonzalez@example.com,Catherine,608496688,!F)c3FcS)9,101318697,2537 Wright Crescent Apt. 857,Barton,403870269,249-666-0880x9014,laneheather,77887
710134436,459,West Tamarastad,6260776685891624,1943-10-06,1419409854,jonesmatthew@example.org,Rebecca,461393306,pz5aQx2@h%,306875065,01047 Kayla Parkway,Taylor,781784507,(722)630-9414x99831,darleneanderson,86695
811315164,462,Kimborough,9576988644899261,1942-07-21,6115547347,mark66@example.com,Tara,618179403,sv7Qnudw_R,788736460,9020 Jackson Walks Apt. 768,Meyers,239907317,531-230-8574,mcfarlandnatalie,95579
492546494,316,South Marc,3040128652244360,1928-02-09,3888629841,james58@example.org,Lindsey,801793395,4^4mj(Mqz_,820285366,202 Aaron Ways Suite 289,Kennedy,434118399,(802)338-1842x59345,stephanie61,69227
896796381,489,Russellburgh,4439670487276239,1998-09-25,2660947996,coxmark@example.net,Angela,897127936,J*j0TL6qk!,780302728,497 Jared Route,Carpenter,701552058,+1-732-576-2291x6481,deborah27,26786
154856182,341,Tammyview,9800746611735968,1998-03-13,8263438370,glennmiller@example.net,Diane,898854021,S3YgI8^x$q,288872456,74304 Melanie Ports,Woodard,538370300,995.632.2094,adamwarren,06397
830448286,342,Lindseyhaven,9796991597948353,1987-02-14,3927934473,gsimon@example.net,Erik,135497054,htv3qJy1T^,336254380,5839 Kathy Lake Suite 250,Riddle,228138189,001-491-799-3680,nacevedo,66725
895747773,189,Port Gregory,2373700794455179,1936-03-13,7238543400,maria24@example.net,Margaret,288550884,&0EKTSBp@2,684660192,427 David Centers Suite 923,Hernandez,558036926,5283735521,irivera,59413
774898572,54,West Brittanybury,2482713252584272,1935-09-15,2744856732,vargasleslie@example.org,Teresa,389243434,N(10PpS#%+,740859200,1294 Jacobs Key Apt. 771,Torres,451670878,922-441-5193,jennifer19,73759
857924235,147,Duaneberg,8397529001096285,1956-02-21,9022081483,susan29@example.org,Mary,553541491,jXe9Z5&w4!,623239085,35535 Hall Plaza Suite 598,Hartman,932448717,001-666-988-6531x5415,douglaskevin,99520
847198831,316,New Kyle,7070816595318248,1965-04-28,6567940470,chungchristopher@example.net,Monica,979334902,_1ZtlOgbq&,808631268,994 Haynes Squares,Rodriguez,900582753,(801)950-8866,jessica80,33646
450610522,858,Sheilashire,1018521204763044,1967-10-07,7834509136,melanie87@example.com,William,593566800,p*1YZcjpr&,237960951,614 Marisa Ferry Suite 865,Williams,302659565,(568)609-1118x625,hmyers,28085
374332410,379,New Davidhaven,5319901813341417,1975-08-22,7496899297,brett69@example.org,Heather,970227325,@(81eIasOz,973886751,82675 Hayley Way,Robinson,891874115,(240)611-5083x2726,markthompson,03041
199294660,540,East Alexandria,8927162057558508,2006-01-20,2053633508,brandondiaz@example.net,Dana,791084734,l9*4YcDl4C,903990182,4591 Deborah Parks,Rhodes,875459179,(407)298-6372x7905,robbinsmary,30034
811548094,926,Popestad,4408560848509289,1983-01-05,7796039874,joshuaburton@example.org,Erica,464533222,Rw*6UYq*QL,772766406,4601 Jackson Village,Brown,874254206,6895926840,whitetimothy,59086
763700579,835,Richardmouth,6058256124847477,1963-03-30,4395725450,brittanysmith@example.net,Christina,608041906,c^&3tXRlZ2,935225966,601 King Club,Scott,418796044,723.934.0493x68213,teresa37,20075
414935690,266,West Nicoleville,1781480026296002,1984-03-20,8577763081,kathryngarcia@example.net,Stephanie,632789531,mpNn6I@t^F,454308494,9906 Paul Center,Williams,243696977,(286)812-9539x5035,chencorey,79004
397933216,368,Mathisborough,7878124000550466,1976-04-09,2038260710,lmunoz@example.org,David,318050754,c_(@6VtosV,636411057,992 Shah Shoals Apt. 277,Lowery,522409255,001-891-863-5955x27406,anthonybaker,98864
